image_link,group_id,entity_name,entity_value
https://m.media-amazon.com/images/I/51skEtQI9ZL.jpg,220662,width,107.0 millimetre
https://m.media-amazon.com/images/I/51skEtQI9ZL.jpg,220662,height,55.0 millimetre
https://m.media-amazon.com/images/I/618QJdleMTL.jpg,267182,width,320.0 millimetre
https://m.media-amazon.com/images/I/41cj7q3SPSS.jpg,579652,width,10.6 inch
https://m.media-amazon.com/images/I/41cj7q3SPSS.jpg,579652,depth,120.0 centimetre
https://m.media-amazon.com/images/I/615zV-CvyXL.jpg,638301,width,6.7 inch
https://m.media-amazon.com/images/I/516Gf6tdI4L.jpg,916768,width,100.0 millimetre
https://m.media-amazon.com/images/I/41lt9FxjmxL.jpg,801829,width,16.1 inch
https://m.media-amazon.com/images/I/61C+buYi4HL.jpg,507619,width,11.0 centimetre
https://m.media-amazon.com/images/I/41oVp6K-f0L.jpg,685476,width,50.0 centimetre
https://m.media-amazon.com/images/I/518fGYt8QDL.jpg,970563,width,2.0 millimetre
https://m.media-amazon.com/images/I/51D6ENzcqSL.jpg,434825,width,6.5 inch
https://m.media-amazon.com/images/I/51xV821lhzL.jpg,784538,width,35.0 centimetre
https://m.media-amazon.com/images/I/51q9acNOHTL.jpg,604347,width,5.0 centimetre
https://m.media-amazon.com/images/I/613Og5NRplL.jpg,810266,width,3.85 inch
https://m.media-amazon.com/images/I/51FcmzFGa6L.jpg,276221,width,6.91 centimetre
https://m.media-amazon.com/images/I/618aLOs0dvL.jpg,241608,width,75.0 centimetre
https://m.media-amazon.com/images/I/419pRfOcvcL.jpg,752266,width,30.0 centimetre
https://m.media-amazon.com/images/I/419pRfOcvcL.jpg,752266,height,4.5 centimetre
https://m.media-amazon.com/images/I/51M67hEJJBL.jpg,521308,width,70.0 inch
https://m.media-amazon.com/images/I/51WCGt5vlsL.jpg,988675,width,1.5 inch
https://m.media-amazon.com/images/I/51i37asmM0S.jpg,648011,width,35.0 millimetre
https://m.media-amazon.com/images/I/61Dr6kSCnsL.jpg,730429,width,8.5 centimetre
https://m.media-amazon.com/images/I/51ZoHrFAB9L.jpg,311997,width,12.0 inch
https://m.media-amazon.com/images/I/617DvymhFBL.jpg,991868,width,8.5 inch
https://m.media-amazon.com/images/I/614Z4lD+KgL.jpg,120219,width,9.0 inch
https://m.media-amazon.com/images/I/61+YB9Sn1uL.jpg,347830,width,1.3 centimetre
https://m.media-amazon.com/images/I/61+YB9Sn1uL.jpg,347830,height,7.3 centimetre
https://m.media-amazon.com/images/I/51xgdb8Uj1L.jpg,306026,width,21.5 centimetre
https://m.media-amazon.com/images/I/51F9GUXscVL.jpg,790427,width,235.0 millimetre
https://m.media-amazon.com/images/I/51QUB4LUWRS.jpg,483370,width,3.9 inch
https://m.media-amazon.com/images/I/615sSfZyqcL.jpg,333059,width,35.4 inch
https://m.media-amazon.com/images/I/612PE6s8pML.jpg,681445,width,5.2 inch
https://m.media-amazon.com/images/I/614aid4Ub3L.jpg,752266,width,34.0 millimetre
https://m.media-amazon.com/images/I/61GGDh6P12L.jpg,849273,width,8.0 centimetre
https://m.media-amazon.com/images/I/51NeOFQDrML.jpg,713791,width,4.0 inch
https://m.media-amazon.com/images/I/6168Tem3xyS.jpg,416664,width,15.0 inch
https://m.media-amazon.com/images/I/6168Tem3xyS.jpg,416664,height,21.0 inch
https://m.media-amazon.com/images/I/61Aw3zKiNnL.jpg,365756,width,6.5 centimetre
https://m.media-amazon.com/images/I/61+qhqaYDaL.jpg,599772,width,16.6 inch
https://m.media-amazon.com/images/I/51K+-uL+loL.jpg,267182,width,1200.0 millimetre
https://m.media-amazon.com/images/I/51K+-uL+loL.jpg,267182,height,426.0 millimetre
https://m.media-amazon.com/images/I/5135AuDPxnL.jpg,407808,width,8.0 centimetre
https://m.media-amazon.com/images/I/51fHHbxB5XL.jpg,752266,width,35.0 centimetre
https://m.media-amazon.com/images/I/61+bnTGIsnL.jpg,944936,width,9.0 centimetre
https://m.media-amazon.com/images/I/51gde3a6B7L.jpg,488883,width,37.5 centimetre
https://m.media-amazon.com/images/I/51IfXR9+YUL.jpg,675680,width,54.0 centimetre
https://m.media-amazon.com/images/I/61Acg9JJLYL.jpg,107694,width,7.48 inch
https://m.media-amazon.com/images/I/61Acg9JJLYL.jpg,107694,depth,9.44 inch
https://m.media-amazon.com/images/I/51TXOKxt0rL.jpg,434825,width,116.0 millimetre
https://m.media-amazon.com/images/I/51n9olE7hBL.jpg,488883,width,15.7 inch
https://m.media-amazon.com/images/I/618brRwpUZL.jpg,150535,width,28.0 centimetre
https://m.media-amazon.com/images/I/618brRwpUZL.jpg,150535,depth,28.0 centimetre
https://m.media-amazon.com/images/I/51EgWGcVnYL.jpg,681045,width,10.8 centimetre
https://m.media-amazon.com/images/I/51d0nf9XCBL.jpg,483370,width,8.0 centimetre
https://m.media-amazon.com/images/I/617ynJxtI0L.jpg,823083,width,20.0 centimetre
https://m.media-amazon.com/images/I/511pchCCKuL.jpg,927393,width,2.5 centimetre
https://m.media-amazon.com/images/I/51TMWSPccoL.jpg,759408,width,12.5 centimetre
https://m.media-amazon.com/images/I/51TMWSPccoL.jpg,759408,height,17.5 centimetre
https://m.media-amazon.com/images/I/31H1fxc-5wL.jpg,986932,width,90.0 millimetre
https://m.media-amazon.com/images/I/51UgdtgjKsL.jpg,119607,width,10.0 inch
https://m.media-amazon.com/images/I/51UgdtgjKsL.jpg,119607,depth,18.5 inch
https://m.media-amazon.com/images/I/615okPECSxL.jpg,530124,width,70.0 centimetre
https://m.media-amazon.com/images/I/511JUvgNL7L.jpg,913156,width,8.2 centimetre
https://m.media-amazon.com/images/I/51o2d3CTtZL.jpg,675317,width,27.5 millimetre
https://m.media-amazon.com/images/I/51mGN+XDAML.jpg,237000,width,14.0 inch
https://m.media-amazon.com/images/I/615O+vidm-L.jpg,856665,width,21.0 millimetre
https://m.media-amazon.com/images/I/615O+vidm-L.jpg,856665,height,21.0 millimetre
https://m.media-amazon.com/images/I/616tQWfSP4L.jpg,997176,width,16.6 centimetre
https://m.media-amazon.com/images/I/616tQWfSP4L.jpg,997176,depth,16.6 centimetre
https://m.media-amazon.com/images/I/610neC8yuzL.jpg,858439,width,22.5 centimetre
https://m.media-amazon.com/images/I/6173fsACYpL.jpg,483370,width,6.0 inch
https://m.media-amazon.com/images/I/612SQWqrX5L.jpg,483370,width,4.5 centimetre
https://m.media-amazon.com/images/I/615G0sHc-rL.jpg,843434,width,8.5 centimetre
https://m.media-amazon.com/images/I/51SbzOpu2yL.jpg,599772,width,11.88 inch
https://m.media-amazon.com/images/I/413nam6W5xL.jpg,446789,width,80.0 centimetre
https://m.media-amazon.com/images/I/51bTNw+ubHL.jpg,963595,width,16.7 millimetre
https://m.media-amazon.com/images/I/51qZ3W3WQxL.jpg,178778,width,5.5 centimetre
https://m.media-amazon.com/images/I/5144CSilACL.jpg,470067,width,18.0 centimetre
https://m.media-amazon.com/images/I/617RSaZ1csL.jpg,801829,width,20.47 inch
https://m.media-amazon.com/images/I/61+41dC8y0L.jpg,844474,width,25.0 centimetre
https://m.media-amazon.com/images/I/614jKUphKoL.jpg,754755,width,120.0 centimetre
https://m.media-amazon.com/images/I/51bgyIBDbpL.jpg,478357,width,34.0 centimetre
https://m.media-amazon.com/images/I/51Bsi8eYnWL.jpg,784538,width,30.0 centimetre
https://m.media-amazon.com/images/I/619Ab7DiZtL.jpg,295706,width,7.9 inch
https://m.media-amazon.com/images/I/619Ab7DiZtL.jpg,295706,height,10.0 inch
https://m.media-amazon.com/images/I/51OGgDoPbNL.jpg,106003,width,10.3 centimetre
https://m.media-amazon.com/images/I/61+tOszn+2S.jpg,594224,width,10.0 centimetre
https://m.media-amazon.com/images/I/61CVGMir98L.jpg,675317,width,6.0 centimetre
https://m.media-amazon.com/images/I/51InlRHK+DL.jpg,276688,width,80.0 centimetre
https://m.media-amazon.com/images/I/610rf7ejQWL.jpg,113134,width,12.7 centimetre
https://m.media-amazon.com/images/I/517JvSsZPML.jpg,434825,width,240.0 millimetre
https://m.media-amazon.com/images/I/61AQ44vudVL.jpg,292475,width,7.2 centimetre
https://m.media-amazon.com/images/I/51TCpJqwEWS.jpg,754755,width,59.0 centimetre
https://m.media-amazon.com/images/I/613UJYhANqL.jpg,119607,width,30.0 centimetre
https://m.media-amazon.com/images/I/51+LMzcqzdL.jpg,752266,width,28.0 centimetre
https://m.media-amazon.com/images/I/51acJRE+xPL.jpg,658892,width,3.0 centimetre
https://m.media-amazon.com/images/I/6172I+2iAbL.jpg,483370,width,6.5 centimetre
https://m.media-amazon.com/images/I/6172I+2iAbL.jpg,483370,depth,6.5 centimetre
https://m.media-amazon.com/images/I/51NDSnafoyL.jpg,208023,width,70.0 centimetre
https://m.media-amazon.com/images/I/51Y7ao--hWL.jpg,823083,width,55.1 inch
https://m.media-amazon.com/images/I/51Y7ao--hWL.jpg,801829,height,22.0 inch
https://m.media-amazon.com/images/I/61BdcFwcVSL.jpg,866516,width,4.5 inch
https://m.media-amazon.com/images/I/51TTbnvMCUL.jpg,943839,width,51.0 millimetre
https://m.media-amazon.com/images/I/614QjEfePuL.jpg,478357,width,24.0 inch
https://m.media-amazon.com/images/I/41bfDZphhnL.jpg,640408,width,2.08 centimetre
https://m.media-amazon.com/images/I/51UPHO2Dg7L.jpg,120219,width,22.49 centimetre
https://m.media-amazon.com/images/I/51RPrPME4wL.jpg,478357,width,60.0 centimetre
https://m.media-amazon.com/images/I/619p2ad06UL.jpg,752266,width,1.0 inch
https://m.media-amazon.com/images/I/510EnkevlSL.jpg,220662,width,6.8 centimetre
https://m.media-amazon.com/images/I/51gUnNPBEyL.jpg,284992,width,6.0 inch
https://m.media-amazon.com/images/I/51lN+BIRvZL.jpg,120219,width,6.5 centimetre
https://m.media-amazon.com/images/I/51LXg0qbLRL.jpg,480845,width,9.5 inch
https://m.media-amazon.com/images/I/61BiDp8fNpL.jpg,478357,width,48.0 inch
https://m.media-amazon.com/images/I/611evhJoChL.jpg,225251,width,34.0 centimetre
https://m.media-amazon.com/images/I/514sgiCUvQL.jpg,219199,width,10.8 centimetre
https://m.media-amazon.com/images/I/51HVFy7yPKL.jpg,866516,width,60.0 centimetre
https://m.media-amazon.com/images/I/61+HFk0cPkL.jpg,724384,width,7.0 centimetre
https://m.media-amazon.com/images/I/51Jm6FC2rwL.jpg,752266,width,3.4 centimetre
https://m.media-amazon.com/images/I/518wfxeyI2L.jpg,130202,width,2.6 inch
https://m.media-amazon.com/images/I/61E9Wto8l8L.jpg,681445,width,9.0 centimetre
https://m.media-amazon.com/images/I/51z52qayK-S.jpg,276611,width,60.0 centimetre
https://m.media-amazon.com/images/I/61A-JDFgapL.jpg,178958,width,60.0 centimetre
https://m.media-amazon.com/images/I/612IobQSWTL.jpg,866516,width,6.25 inch
https://m.media-amazon.com/images/I/51gprIpJMKL.jpg,784538,width,3.93 inch
https://m.media-amazon.com/images/I/6135Ty+aRSL.jpg,801829,width,20.87 inch
https://m.media-amazon.com/images/I/512PljcDc9L.jpg,558806,width,7.5 centimetre
https://m.media-amazon.com/images/I/4151++jIY3L.jpg,524117,width,6.0 centimetre
https://m.media-amazon.com/images/I/4151++jIY3L.jpg,524117,height,0.8 inch
https://m.media-amazon.com/images/I/61Fc6QKjnKL.jpg,648011,width,60.0 millimetre
https://m.media-amazon.com/images/I/51QZCk0KRoL.jpg,208023,width,203.2 millimetre
https://m.media-amazon.com/images/I/615NZnCVPgL.jpg,161371,width,240.0 millimetre
https://m.media-amazon.com/images/I/41sjfSAiJCL.jpg,403664,width,4.95 inch
https://m.media-amazon.com/images/I/41sjfSAiJCL.jpg,403664,height,9.04 inch
https://m.media-amazon.com/images/I/51sZkEzV-yL.jpg,877667,width,17.0 centimetre
https://m.media-amazon.com/images/I/51u8C2uNMKL.jpg,384298,width,16.54 inch
https://m.media-amazon.com/images/I/51P17idujnL.jpg,849273,width,50.0 centimetre
https://m.media-amazon.com/images/I/519hx6GEDqL.jpg,939129,width,5.7 inch
https://m.media-amazon.com/images/I/51n9WS0Q31L.jpg,180726,width,25.0 millimetre
https://m.media-amazon.com/images/I/41BhPUw3FDL.jpg,347404,width,10.6 inch
https://m.media-amazon.com/images/I/41BhPUw3FDL.jpg,347404,height,4.1 inch
https://m.media-amazon.com/images/I/51Kws30F6RL.jpg,514726,width,25.0 centimetre
https://m.media-amazon.com/images/I/61DXbFqzECL.jpg,362818,width,50.0 centimetre
https://m.media-amazon.com/images/I/61Bmo0nBwML.jpg,225251,width,27.0 centimetre
https://m.media-amazon.com/images/I/51y4+kEItXL.jpg,483370,width,17.0 centimetre
https://m.media-amazon.com/images/I/512cfSa+zBL.jpg,944592,width,5.0 centimetre
https://m.media-amazon.com/images/I/51VJ2hM1YrL.jpg,237000,width,43.0 centimetre
https://m.media-amazon.com/images/I/51VJ2hM1YrL.jpg,237000,height,82.0 centimetre
https://m.media-amazon.com/images/I/612VFy10quL.jpg,347404,width,25.0 centimetre
https://m.media-amazon.com/images/I/612VFy10quL.jpg,347404,height,65.0 centimetre
https://m.media-amazon.com/images/I/51JGUl3UrxL.jpg,913156,width,11.0 centimetre
https://m.media-amazon.com/images/I/51JGUl3UrxL.jpg,913156,depth,11.0 centimetre
https://m.media-amazon.com/images/I/51SDP17PK4L.jpg,362879,width,49.6 millimetre
https://m.media-amazon.com/images/I/41EqqyUw13L.jpg,725915,width,0.6 inch
https://m.media-amazon.com/images/I/51dGiak1cWL.jpg,347320,width,30.0 centimetre
https://m.media-amazon.com/images/I/517Ar2uBDRL.jpg,849273,width,12.0 centimetre
https://m.media-amazon.com/images/I/6137Ja+KczL.jpg,220662,width,20.5 centimetre
https://m.media-amazon.com/images/I/6137Ja+KczL.jpg,220662,depth,32.8 centimetre
https://m.media-amazon.com/images/I/51V+i2VG1gL.jpg,858439,width,98.0 millimetre
https://m.media-amazon.com/images/I/51qZt5kHWdL.jpg,529606,width,1.77 inch
https://m.media-amazon.com/images/I/51w7wZ4QYIL.jpg,640031,width,4.72 inch
https://m.media-amazon.com/images/I/616vlyjBUnL.jpg,470067,width,7.5 inch
https://m.media-amazon.com/images/I/51Q2XKvGA9L.jpg,311997,width,7.87 inch
https://m.media-amazon.com/images/I/51Q2XKvGA9L.jpg,311997,height,41.0 inch
https://m.media-amazon.com/images/I/517zyztbggL.jpg,430434,width,85.0 millimetre
https://m.media-amazon.com/images/I/51jSG5fdLxL.jpg,986932,width,5.5 centimetre
https://m.media-amazon.com/images/I/516XMIowgML.jpg,752266,width,30.0 centimetre
https://m.media-amazon.com/images/I/51h8jImADTL.jpg,883833,width,61.0 centimetre
https://m.media-amazon.com/images/I/51+fRwfi9aL.jpg,751532,width,101.0 centimetre
https://m.media-amazon.com/images/I/51+fRwfi9aL.jpg,751532,height,90.0 centimetre
https://m.media-amazon.com/images/I/51KjCmBtteL.jpg,916768,width,9.5 centimetre
https://m.media-amazon.com/images/I/51KjCmBtteL.jpg,916768,height,24.5 centimetre
https://m.media-amazon.com/images/I/51iQwlhMzFL.jpg,752266,width,25.0 millimetre
https://m.media-amazon.com/images/I/51xXzUax8bL.jpg,425150,width,4.0 centimetre
https://m.media-amazon.com/images/I/51phSH6UvtL.jpg,783898,width,2.24 inch
https://m.media-amazon.com/images/I/51phSH6UvtL.jpg,783898,depth,4.21 inch
https://m.media-amazon.com/images/I/51R0LPq2fUL.jpg,952470,width,19.0 centimetre
https://m.media-amazon.com/images/I/51RQpGHTptL.jpg,945489,width,4.0 centimetre
https://m.media-amazon.com/images/I/517SJ6eF8HL.jpg,652661,width,5.5 inch
https://m.media-amazon.com/images/I/516MUzrut7L.jpg,932012,width,25.0 inch
https://m.media-amazon.com/images/I/516MUzrut7L.jpg,932012,depth,72.0 inch
https://m.media-amazon.com/images/I/51fZkkuOIhL.jpg,200507,width,14.8 centimetre
https://m.media-amazon.com/images/I/617dS3th9JL.jpg,965518,width,25.0 millimetre
https://m.media-amazon.com/images/I/61ErmgPlptL.jpg,679049,width,89.0 millimetre
https://m.media-amazon.com/images/I/51ZABr0H8FL.jpg,150535,width,16.0 centimetre
https://m.media-amazon.com/images/I/51Vcv64rfuL.jpg,452717,width,17.0 inch
https://m.media-amazon.com/images/I/611pJJN9tdL.jpg,683885,width,7.4 centimetre
https://m.media-amazon.com/images/I/51qrjzvFI5L.jpg,178778,width,5.31 inch
https://m.media-amazon.com/images/I/61DWQmPrO2L.jpg,276688,width,70.0 centimetre
https://m.media-amazon.com/images/I/515-VYD54hL.jpg,296275,width,7.48 inch
https://m.media-amazon.com/images/I/51cl2l5og7L.jpg,142748,width,56.0 centimetre
https://m.media-amazon.com/images/I/51TVygjl-fL.jpg,648011,width,5.0 millimetre
https://m.media-amazon.com/images/I/513pX1rMMXL.jpg,362818,width,12.0 centimetre
https://m.media-amazon.com/images/I/513pX1rMMXL.jpg,362818,depth,19.0 centimetre
https://m.media-amazon.com/images/I/51NyDtgJqZL.jpg,906725,width,0.9 centimetre
https://m.media-amazon.com/images/I/610vAjTLS7L.jpg,967116,width,87.6 centimetre
https://m.media-amazon.com/images/I/610vAjTLS7L.jpg,967116,depth,87.6 centimetre
https://m.media-amazon.com/images/I/61EeaJo0-zS.jpg,276611,width,52.4 inch
https://m.media-amazon.com/images/I/61EeaJo0-zS.jpg,745387,height,32.08 inch
https://m.media-amazon.com/images/I/610X36tJg3L.jpg,156839,width,2.5 centimetre
https://m.media-amazon.com/images/I/612602ET2YL.jpg,658892,width,0.9 inch
https://m.media-amazon.com/images/I/612602ET2YL.jpg,658892,depth,3.9 inch
https://m.media-amazon.com/images/I/51GJUncqq3L.jpg,416664,width,2.6 inch
https://m.media-amazon.com/images/I/51GJUncqq3L.jpg,416664,height,13.4 inch
https://m.media-amazon.com/images/I/612Kf4MReiL.jpg,683885,width,0.38 inch
https://m.media-amazon.com/images/I/6148VCBMj0L.jpg,816018,width,21.0 centimetre
https://m.media-amazon.com/images/I/61Cp0MkaSML.jpg,478357,width,70.0 centimetre
https://m.media-amazon.com/images/I/41MzfSAy9ZL.jpg,130202,width,4.0 centimetre
https://m.media-amazon.com/images/I/51vxgbJqfCS.jpg,638301,width,7.0 inch
https://m.media-amazon.com/images/I/51hjtty-gqS.jpg,459271,width,51.5 centimetre
https://m.media-amazon.com/images/I/616mTgIUN7L.jpg,733184,width,180.0 centimetre
https://m.media-amazon.com/images/I/5145RJPcFkL.jpg,347404,width,12.0 centimetre
https://m.media-amazon.com/images/I/51isDfYUpXL.jpg,483370,width,14.0 centimetre
https://m.media-amazon.com/images/I/51cAeUdpZQL.jpg,434825,width,26.0 centimetre
https://m.media-amazon.com/images/I/51xHLDujPxL.jpg,494658,width,55.0 centimetre
https://m.media-amazon.com/images/I/51JdFbtDz+S.jpg,558832,width,8.0 centimetre
https://m.media-amazon.com/images/I/51JdFbtDz+S.jpg,558832,height,10.0 centimetre
https://m.media-amazon.com/images/I/617vdWekjhL.jpg,434825,width,5.0 centimetre
https://m.media-amazon.com/images/I/617JT7j+5dL.jpg,142748,width,100.0 centimetre
https://m.media-amazon.com/images/I/41a3JUL7SpL.jpg,142748,width,15.0 centimetre
https://m.media-amazon.com/images/I/51yyXu7allL.jpg,675317,width,0.98 inch
https://m.media-amazon.com/images/I/617-JgcLBaL.jpg,107694,width,68.0 centimetre
https://m.media-amazon.com/images/I/51GjfmE3ebL.jpg,510899,width,32.5 centimetre
https://m.media-amazon.com/images/I/41n+t15Z5cL.jpg,478357,width,180.0 centimetre
https://m.media-amazon.com/images/I/61Ac7KpxeVL.jpg,254590,width,6.5 centimetre
https://m.media-amazon.com/images/I/615TFc71YCL.jpg,510899,width,20.0 centimetre
https://m.media-amazon.com/images/I/51OiqD59RSL.jpg,549247,width,80.0 centimetre
https://m.media-amazon.com/images/I/51tK3Tp83wL.jpg,881883,width,72.0 inch
https://m.media-amazon.com/images/I/61A2XmNkJJL.jpg,460806,width,43.0 millimetre
https://m.media-amazon.com/images/I/61A2XmNkJJL.jpg,460806,depth,43.0 millimetre
https://m.media-amazon.com/images/I/61G5nrJ-4EL.jpg,724384,width,90.0 millimetre
https://m.media-amazon.com/images/I/617STMCR6LL.jpg,130202,width,1.7 inch
https://m.media-amazon.com/images/I/51iOTImdY+L.jpg,313539,width,14.96 inch
https://m.media-amazon.com/images/I/51Ys8XhFHUL.jpg,396159,width,72.5 inch
https://m.media-amazon.com/images/I/61-oiU5mumL.jpg,373107,width,10.0 millimetre
https://m.media-amazon.com/images/I/61Ay3eKkeaL.jpg,276700,width,67.0 millimetre
https://m.media-amazon.com/images/I/61Bk2Gy0m7L.jpg,931247,width,48.0 inch
https://m.media-amazon.com/images/I/61Bk2Gy0m7L.jpg,931247,depth,305.0 centimetre
https://m.media-amazon.com/images/I/51KnqnWi3AL.jpg,142748,width,42.0 inch
https://m.media-amazon.com/images/I/51Z1XyZAvsL.jpg,861555,width,14.5 centimetre
https://m.media-amazon.com/images/I/61EIyNFZrWL.jpg,752266,width,27.0 inch
https://m.media-amazon.com/images/I/51BfD+CwN-L.jpg,347404,width,13.0 inch
https://m.media-amazon.com/images/I/61C3YNiuhJL.jpg,721522,width,18.0 centimetre
https://m.media-amazon.com/images/I/61C3YNiuhJL.jpg,721522,depth,100.0 centimetre
https://m.media-amazon.com/images/I/61-uldS5ZnL.jpg,231838,width,3.0 inch
https://m.media-amazon.com/images/I/51QKUdYJljS.jpg,675317,width,23.0 millimetre
https://m.media-amazon.com/images/I/5118tmFORxL.jpg,235693,width,14.5 inch
https://m.media-amazon.com/images/I/51eW12N2qwL.jpg,687867,width,4.2 inch
https://m.media-amazon.com/images/I/51P-73yPyiL.jpg,721522,width,25.0 centimetre
https://m.media-amazon.com/images/I/513LhgybWNL.jpg,357074,width,2.55 inch
https://m.media-amazon.com/images/I/51pFrZY6RsL.jpg,564236,width,123.0 millimetre
https://m.media-amazon.com/images/I/51YFcSRPxyL.jpg,599772,width,36.0 inch
https://m.media-amazon.com/images/I/61AsQ9b6RuL.jpg,492950,width,7.0 centimetre
https://m.media-amazon.com/images/I/51loeaTulCL.jpg,640408,width,70.0 millimetre
https://m.media-amazon.com/images/I/51UElWIk1UL.jpg,292475,width,3.0 inch
https://m.media-amazon.com/images/I/61029JqR3iL.jpg,311997,width,30.0 centimetre
https://m.media-amazon.com/images/I/5161PLLKEML.jpg,149159,width,25.5 centimetre
https://m.media-amazon.com/images/I/5161PLLKEML.jpg,149159,height,20.5 centimetre
https://m.media-amazon.com/images/I/5140KYw6A7L.jpg,675317,width,1.69 inch
https://m.media-amazon.com/images/I/411tC0-PmML.jpg,667819,width,23.2 millimetre
https://m.media-amazon.com/images/I/61-GofgPCcL.jpg,931247,width,75.0 centimetre
https://m.media-amazon.com/images/I/41htEKb9hHL.jpg,970563,width,3.1 inch
https://m.media-amazon.com/images/I/6199DNSX2lL.jpg,693845,width,85.0 centimetre
https://m.media-amazon.com/images/I/6199DNSX2lL.jpg,693845,depth,85.0 centimetre
https://m.media-amazon.com/images/I/51nsYlklbJL.jpg,488883,width,37.0 centimetre
https://m.media-amazon.com/images/I/51eyZkcRYGL.jpg,494658,width,48.0 centimetre
https://m.media-amazon.com/images/I/517sDLSI-yL.jpg,944936,width,20.0 centimetre
https://m.media-amazon.com/images/I/517sDLSI-yL.jpg,944936,depth,15.0 centimetre
https://m.media-amazon.com/images/I/41VFwjUNtwL.jpg,680232,width,8.5 inch
https://m.media-amazon.com/images/I/51CCxBRcadL.jpg,611510,width,17.0 inch
https://m.media-amazon.com/images/I/51CCxBRcadL.jpg,611510,height,39.5 inch
https://m.media-amazon.com/images/I/615cDig2WsL.jpg,916768,width,54.0 millimetre
https://m.media-amazon.com/images/I/511AsT9tyWS.jpg,722930,width,3.54 inch
https://m.media-amazon.com/images/I/51ALJQFCstL.jpg,608841,width,31.8 centimetre
https://m.media-amazon.com/images/I/61G7XPVaE-L.jpg,661582,width,189.0 millimetre
https://m.media-amazon.com/images/I/612FMdfeTaL.jpg,764618,width,7.0 inch
https://m.media-amazon.com/images/I/618JmeJpJdL.jpg,944936,width,4.0 inch
https://m.media-amazon.com/images/I/514CJIqXjcL.jpg,550840,width,18.0 inch
https://m.media-amazon.com/images/I/51La2SgcLQL.jpg,932012,width,39.0 inch
https://m.media-amazon.com/images/I/61+3BB1NliL.jpg,777313,width,58.0 centimetre
https://m.media-amazon.com/images/I/61-M182mVRL.jpg,661582,width,10.2 inch
https://m.media-amazon.com/images/I/619XeO8AzML.jpg,478357,width,120.0 centimetre
https://m.media-amazon.com/images/I/51dmwzkLZUL.jpg,681445,width,8.0 inch
https://m.media-amazon.com/images/I/615b2lThIXL.jpg,284992,width,6.0 inch
https://m.media-amazon.com/images/I/611FRURPbDL.jpg,681445,width,5.0 centimetre
https://m.media-amazon.com/images/I/611FRURPbDL.jpg,681445,height,11.0 centimetre
https://m.media-amazon.com/images/I/418HfqYMD1L.jpg,470067,width,141.0 millimetre
https://m.media-amazon.com/images/I/51yrwghQUOL.jpg,446789,width,200.0 centimetre
https://m.media-amazon.com/images/I/614kFWLdTeL.jpg,235313,width,18.0 centimetre
https://m.media-amazon.com/images/I/618wxkvtuFL.jpg,618672,width,15.0 millimetre
https://m.media-amazon.com/images/I/41arU9uOBdL.jpg,913156,width,3.26 inch
https://m.media-amazon.com/images/I/41arU9uOBdL.jpg,913156,depth,3.26 inch
https://m.media-amazon.com/images/I/41KACFDhtrL.jpg,510899,width,53.0 centimetre
https://m.media-amazon.com/images/I/41vaF+QW2wS.jpg,231838,width,100.0 millimetre
https://m.media-amazon.com/images/I/51E3cVU50IL.jpg,579652,width,10.0 inch
https://m.media-amazon.com/images/I/61Fo9iYW0PL.jpg,730429,width,12.0 inch
https://m.media-amazon.com/images/I/51EjvSfPMkL.jpg,276611,width,60.0 centimetre
https://m.media-amazon.com/images/I/51FL73T12bL.jpg,784538,width,20.0 inch
https://m.media-amazon.com/images/I/611O2jhaqsL.jpg,546242,width,42.0 centimetre
https://m.media-amazon.com/images/I/616AE4IMDaL.jpg,752266,width,40.0 millimetre
https://m.media-amazon.com/images/I/616AE4IMDaL.jpg,752266,depth,62.0 millimetre
https://m.media-amazon.com/images/I/51EJJoXOdDL.jpg,141308,width,8.0 centimetre
https://m.media-amazon.com/images/I/61-Va2hTAzL.jpg,784538,width,11.5 inch
https://m.media-amazon.com/images/I/41tLxEkgxzL.jpg,493268,width,10.0 millimetre
https://m.media-amazon.com/images/I/41F6u4v9e6S.jpg,478357,width,160.0 centimetre
https://m.media-amazon.com/images/I/51yJ+PcTV3S.jpg,403664,width,11.0 inch
https://m.media-amazon.com/images/I/51OlwHHLQ7L.jpg,192915,width,14.0 centimetre
https://m.media-amazon.com/images/I/51RuxnRY-7L.jpg,866516,width,2.0 inch
https://m.media-amazon.com/images/I/61Em3hgyOLL.jpg,494658,width,40.0 centimetre
https://m.media-amazon.com/images/I/619D4lWHzHL.jpg,120219,width,9.0 inch
https://m.media-amazon.com/images/I/6177aUhxkgL.jpg,991868,width,15.7 inch
https://m.media-amazon.com/images/I/41nXwFoVj9L.jpg,416664,width,7.5 centimetre
https://m.media-amazon.com/images/I/51-ATsHOXAL.jpg,462731,width,3.3 centimetre
https://m.media-amazon.com/images/I/51nViu5PAEL.jpg,347404,width,50.0 centimetre
https://m.media-amazon.com/images/I/61B711OYG1L.jpg,844474,width,25.0 centimetre
https://m.media-amazon.com/images/I/51JfKipQJML.jpg,237000,width,180.0 centimetre
https://m.media-amazon.com/images/I/519rFzM7usL.jpg,347320,width,64.9 millimetre
https://m.media-amazon.com/images/I/519rFzM7usL.jpg,347320,depth,108.0 millimetre
https://m.media-amazon.com/images/I/51E09LpdUPL.jpg,866516,width,13.5 centimetre
https://m.media-amazon.com/images/I/41DPYNowHRL.jpg,745387,width,80.0 centimetre
https://m.media-amazon.com/images/I/41DPYNowHRL.jpg,745387,height,113.0 centimetre
https://m.media-amazon.com/images/I/51VqUO5xgiL.jpg,847223,width,17.5 centimetre
https://m.media-amazon.com/images/I/51MgwwYY+vL.jpg,220662,width,2.99 inch
https://m.media-amazon.com/images/I/51MgwwYY+vL.jpg,220662,depth,3.93 inch
https://m.media-amazon.com/images/I/41557mlUkVL.jpg,308430,width,11.5 centimetre
https://m.media-amazon.com/images/I/41557mlUkVL.jpg,308430,depth,11.5 centimetre
https://m.media-amazon.com/images/I/41557mlUkVL.jpg,308430,height,16.0 centimetre
https://m.media-amazon.com/images/I/51WTvZSr48L.jpg,549052,width,2.5 centimetre
https://m.media-amazon.com/images/I/41T6IP4A1aL.jpg,523599,width,4.2 inch
https://m.media-amazon.com/images/I/51XltioMXaS.jpg,141308,width,17.0 centimetre
https://m.media-amazon.com/images/I/51Nwodfu5hL.jpg,757743,width,9.25 inch
https://m.media-amazon.com/images/I/611RoXPXEvL.jpg,745387,width,86.0 centimetre
https://m.media-amazon.com/images/I/41GVj9JR3oL.jpg,931856,width,4.5 centimetre
https://m.media-amazon.com/images/I/51X-4YdFWKL.jpg,823083,width,80.0 millimetre
https://m.media-amazon.com/images/I/611Dteu9cZS.jpg,296275,width,12.25 inch
https://m.media-amazon.com/images/I/611Dteu9cZS.jpg,296275,height,7.5 inch
https://m.media-amazon.com/images/I/51dwVsyXC4L.jpg,858439,width,4.0 centimetre
https://m.media-amazon.com/images/I/616sI-RQwsL.jpg,123238,width,34.0 inch
https://m.media-amazon.com/images/I/51aKWE+-DCL.jpg,340151,width,18.0 millimetre
https://m.media-amazon.com/images/I/51C+CNg+yVL.jpg,524117,width,8.0 centimetre
https://m.media-amazon.com/images/I/61Co2WQpibL.jpg,204245,width,190.0 centimetre
https://m.media-amazon.com/images/I/61973GSNf+L.jpg,469317,width,50.0 centimetre
https://m.media-amazon.com/images/I/51S9rJ-N3jL.jpg,178958,width,10.0 inch
https://m.media-amazon.com/images/I/610XEn1KVWL.jpg,464488,width,30.0 millimetre
https://m.media-amazon.com/images/I/611JtkpKXmS.jpg,695925,width,30.0 centimetre
https://m.media-amazon.com/images/I/61Ftqwu8nBL.jpg,521308,width,198.0 centimetre
https://m.media-amazon.com/images/I/41fDlPlCPeS.jpg,478357,width,160.0 centimetre
https://m.media-amazon.com/images/I/517c21cwsqL.jpg,784538,width,15.0 centimetre
https://m.media-amazon.com/images/I/61-k8O2R2mL.jpg,708102,width,2.0 inch
https://m.media-amazon.com/images/I/51fRNUKAXKL.jpg,675317,width,8.0 inch
https://m.media-amazon.com/images/I/61+zVNvKERL.jpg,667319,width,35.0 centimetre
https://m.media-amazon.com/images/I/615XQqcq3zL.jpg,333059,width,35.4 inch
https://m.media-amazon.com/images/I/615XQqcq3zL.jpg,530124,depth,15.7 inch
https://m.media-amazon.com/images/I/614aMo3rixL.jpg,237000,width,80.0 centimetre
https://m.media-amazon.com/images/I/614aMo3rixL.jpg,237000,height,38.0 centimetre
https://m.media-amazon.com/images/I/51eLURZPwML.jpg,564236,width,410.0 millimetre
https://m.media-amazon.com/images/I/51fqg-k1ODL.jpg,844474,width,28.0 centimetre
https://m.media-amazon.com/images/I/51ti788SU8L.jpg,784538,width,30.0 centimetre
https://m.media-amazon.com/images/I/61FQp4sJFRL.jpg,296275,width,49.0 centimetre
https://m.media-amazon.com/images/I/51L7cprZASL.jpg,801829,width,18.3 inch
https://m.media-amazon.com/images/I/51BHQhxZViL.jpg,931247,width,120.0 centimetre
https://m.media-amazon.com/images/I/41lrnCv8RQL.jpg,276611,width,129.0 centimetre
https://m.media-amazon.com/images/I/612UM+947hL.jpg,522832,width,120.0 centimetre
https://m.media-amazon.com/images/I/51dChbG3kDL.jpg,675317,width,0.38 inch
https://m.media-amazon.com/images/I/51CP9pdrRWL.jpg,991868,width,15.9 centimetre
https://m.media-amazon.com/images/I/61E0f8Q2eLL.jpg,497376,width,15.2 centimetre
https://m.media-amazon.com/images/I/515bEnquXCL.jpg,417434,width,2.83 inch
https://m.media-amazon.com/images/I/41LRgPm28mL.jpg,208023,width,15.0 centimetre
https://m.media-amazon.com/images/I/61E0XZgrDOL.jpg,916949,width,7.87 inch
https://m.media-amazon.com/images/I/41DiWycVfeL.jpg,927393,width,4.0 centimetre
https://m.media-amazon.com/images/I/41DiWycVfeL.jpg,927393,depth,8.1 centimetre
https://m.media-amazon.com/images/I/51pEjna0JqL.jpg,883833,width,9.5 centimetre
https://m.media-amazon.com/images/I/613gos4BbfL.jpg,952353,width,32.0 inch
https://m.media-amazon.com/images/I/5122YMweiCL.jpg,675317,width,2.0 inch
https://m.media-amazon.com/images/I/51+zuegCaJL.jpg,988675,width,2.5 centimetre
https://m.media-amazon.com/images/I/6107pANCQ9L.jpg,113134,width,6.5 centimetre
https://m.media-amazon.com/images/I/61BLmzm-zxL.jpg,416664,width,14.0 centimetre
https://m.media-amazon.com/images/I/51HtYVBp3ML.jpg,638301,width,138.0 millimetre
https://m.media-amazon.com/images/I/51iPmy8pNRL.jpg,358831,width,1.0 centimetre
https://m.media-amazon.com/images/I/61FBUz2CI5L.jpg,261553,width,15.0 inch
https://m.media-amazon.com/images/I/612TbAFEN6L.jpg,442321,width,54.72 inch
https://m.media-amazon.com/images/I/51+qZ5EegSL.jpg,810266,width,3.54 inch
https://m.media-amazon.com/images/I/515bjiN-vuS.jpg,721522,width,80.0 millimetre
https://m.media-amazon.com/images/I/611HouzZ5tL.jpg,192915,width,4.2 inch
https://m.media-amazon.com/images/I/61APvOSzVZL.jpg,487566,width,45.0 inch
https://m.media-amazon.com/images/I/618oUBih9KL.jpg,639508,width,15.5 centimetre
https://m.media-amazon.com/images/I/51U1EcsNrXL.jpg,244283,width,16.5 centimetre
https://m.media-amazon.com/images/I/617khnJXuQS.jpg,237000,width,83.0 centimetre
https://m.media-amazon.com/images/I/414YMAWZT3L.jpg,616171,width,440.0 millimetre
https://m.media-amazon.com/images/I/61EhEkKsPkL.jpg,752266,width,140.0 millimetre
https://m.media-amazon.com/images/I/51+OnKUyzQL.jpg,766399,width,3.58 inch
https://m.media-amazon.com/images/I/51kSUAE2mBL.jpg,801829,width,15.5 centimetre
https://m.media-amazon.com/images/I/51zhD3WL4EL.jpg,810266,width,3.7 inch
https://m.media-amazon.com/images/I/61-PttPnjML.jpg,261553,width,32.0 centimetre
https://m.media-amazon.com/images/I/51tMnot9riS.jpg,238051,width,26.0 millimetre
https://m.media-amazon.com/images/I/61DIYqn2AAL.jpg,598989,width,0.9 metre
https://m.media-amazon.com/images/I/61DIYqn2AAL.jpg,598989,height,1.15 metre
https://m.media-amazon.com/images/I/51vIrxD044L.jpg,978900,width,9.82 inch
https://m.media-amazon.com/images/I/619KCr4f4pL.jpg,991868,width,2.6 inch
https://m.media-amazon.com/images/I/612KU0ZlTqL.jpg,991868,width,23.0 inch
https://m.media-amazon.com/images/I/51LMFDurLrL.jpg,752266,width,5.0 centimetre
https://m.media-amazon.com/images/I/51LMFDurLrL.jpg,752266,height,9.0 centimetre
https://m.media-amazon.com/images/I/619v3mqBDML.jpg,545902,width,18.5 centimetre
https://m.media-amazon.com/images/I/619v3mqBDML.jpg,545902,height,19.0 centimetre
https://m.media-amazon.com/images/I/615wZGXvLfL.jpg,612552,depth,26.0 inch
https://m.media-amazon.com/images/I/51A7vHtDQ2L.jpg,579652,width,9.0 centimetre
https://m.media-amazon.com/images/I/51XDK57muqL.jpg,589105,width,15.75 inch
https://m.media-amazon.com/images/I/616H9vZyOsL.jpg,758128,width,300.0 centimetre
https://m.media-amazon.com/images/I/616H9vZyOsL.jpg,758128,depth,300.0 centimetre
https://m.media-amazon.com/images/I/51mLp6DXeKL.jpg,418233,width,4.8 inch
https://m.media-amazon.com/images/I/615wsgLfaLL.jpg,296953,width,90.0 centimetre
https://m.media-amazon.com/images/I/51orgxhwz5L.jpg,866516,width,20.0 centimetre
https://m.media-amazon.com/images/I/61DqF4kLDdL.jpg,986932,width,10.6 centimetre
https://m.media-amazon.com/images/I/611nSQqZPHL.jpg,150535,width,18.0 centimetre
https://m.media-amazon.com/images/I/51NDTdrD37S.jpg,237000,width,32.0 inch
https://m.media-amazon.com/images/I/51Z2nM-LcyL.jpg,972028,width,2.0 inch
https://m.media-amazon.com/images/I/51p9L5n0B2L.jpg,396159,width,110.0 centimetre
https://m.media-amazon.com/images/I/61BQYsDQB1L.jpg,724384,width,8.5 centimetre
https://m.media-amazon.com/images/I/61A+pv0ndgL.jpg,243137,width,1.5 metre
https://m.media-amazon.com/images/I/61A+pv0ndgL.jpg,243137,depth,2.0 metre
https://m.media-amazon.com/images/I/618kMFEGJXL.jpg,616486,width,14.2 centimetre
https://m.media-amazon.com/images/I/618kMFEGJXL.jpg,616486,height,1.8 centimetre
https://m.media-amazon.com/images/I/61An4wt5trL.jpg,373107,width,2.0 millimetre
https://m.media-amazon.com/images/I/51E1GyUIMDL.jpg,856665,width,17.0 millimetre
https://m.media-amazon.com/images/I/51o923IxFbL.jpg,245959,width,22.0 centimetre
https://m.media-amazon.com/images/I/61BCVO9gH7L.jpg,653767,width,40.0 centimetre
https://m.media-amazon.com/images/I/51saTS6AXwL.jpg,823083,width,100.0 millimetre
https://m.media-amazon.com/images/I/618BKmOEYZL.jpg,667819,width,160.0 millimetre
https://m.media-amazon.com/images/I/51QfmyrhhcL.jpg,599772,width,19.7 inch
https://m.media-amazon.com/images/I/51mrcN1BFlL.jpg,932289,width,165.0 centimetre
https://m.media-amazon.com/images/I/617OSOxOglL.jpg,931856,width,15.0 centimetre
https://m.media-amazon.com/images/I/615kjpb2OeL.jpg,452717,width,30.0 centimetre
https://m.media-amazon.com/images/I/6175IVTwekL.jpg,276611,width,25.5 inch
https://m.media-amazon.com/images/I/51Spo372ZmL.jpg,442321,width,31.49 inch
https://m.media-amazon.com/images/I/51DE4rdCD0L.jpg,558806,width,2.0 inch
https://m.media-amazon.com/images/I/617tAx7SfdL.jpg,913156,width,4.0 inch
https://m.media-amazon.com/images/I/617tAx7SfdL.jpg,913156,depth,10.6 inch
https://m.media-amazon.com/images/I/51hZt4hvJYL.jpg,516127,width,9.4 inch
https://m.media-amazon.com/images/I/616TzweLugL.jpg,826444,width,10.0 centimetre
https://m.media-amazon.com/images/I/51ZA-5s+oPS.jpg,192915,width,11.6 centimetre
https://m.media-amazon.com/images/I/51tVo9vDiDS.jpg,801829,width,150.0 centimetre
https://m.media-amazon.com/images/I/61EWUl+O4-L.jpg,815440,width,34.0 centimetre
https://m.media-amazon.com/images/I/5106rlfW4tL.jpg,658003,width,9.0 inch
https://m.media-amazon.com/images/I/51sfKHPmQWL.jpg,744541,width,350.0 millimetre
https://m.media-amazon.com/images/I/51CpkGfTGIL.jpg,488883,width,30.0 centimetre
https://m.media-amazon.com/images/I/51ma+DF27uL.jpg,916768,width,8.7 centimetre
https://m.media-amazon.com/images/I/61ELhVqkOjL.jpg,843434,width,240.0 millimetre
https://m.media-amazon.com/images/I/415b3m-DCjL.jpg,668667,width,9.5 metre
https://m.media-amazon.com/images/I/51QfzZllLKL.jpg,675317,width,24.0 millimetre
https://m.media-amazon.com/images/I/516oa6MLU2L.jpg,611510,width,33.0 centimetre
https://m.media-amazon.com/images/I/51K7elKTPTL.jpg,574059,width,7.2 inch
https://m.media-amazon.com/images/I/51MbFDSCuML.jpg,752266,width,15.0 centimetre
https://m.media-amazon.com/images/I/51rzZCr2exL.jpg,861555,width,9.0 centimetre
https://m.media-amazon.com/images/I/61BAZSbV6gL.jpg,407808,width,26.0 centimetre
https://m.media-amazon.com/images/I/51ntcPbvmxL.jpg,969033,width,40.0 centimetre
https://m.media-amazon.com/images/I/51b0hPDfoDL.jpg,276611,width,30.0 inch
https://m.media-amazon.com/images/I/51FPgMzTZZL.jpg,113134,width,45.0 millimetre
https://m.media-amazon.com/images/I/616okLqdnvL.jpg,949192,width,220.0 centimetre
https://m.media-amazon.com/images/I/616okLqdnvL.jpg,949192,height,220.0 centimetre
https://m.media-amazon.com/images/I/61-UuwCG47L.jpg,267182,width,17.8 centimetre
https://m.media-amazon.com/images/I/513-JPXCLlL.jpg,810266,width,8.2 centimetre
https://m.media-amazon.com/images/I/514zaUc3V+L.jpg,311997,width,33.3 centimetre
https://m.media-amazon.com/images/I/511rw2vqVAL.jpg,906725,width,1.1 centimetre
https://m.media-amazon.com/images/I/510-xYmZY0L.jpg,130202,width,5.7 inch
https://m.media-amazon.com/images/I/51UqYWzckXL.jpg,967116,width,755.0 millimetre
https://m.media-amazon.com/images/I/610LDvHL7IL.jpg,752266,width,2.82 inch
https://m.media-amazon.com/images/I/610LDvHL7IL.jpg,752266,depth,2.82 inch
https://m.media-amazon.com/images/I/51P9UmVywbL.jpg,237000,width,48.0 centimetre
https://m.media-amazon.com/images/I/61FQZ5Sno6L.jpg,653767,width,45.0 centimetre
https://m.media-amazon.com/images/I/61F+JR4VbmL.jpg,478357,width,150.0 centimetre
https://m.media-amazon.com/images/I/513s+BoqzSL.jpg,424775,width,50.0 millimetre
https://m.media-amazon.com/images/I/61FnpK6SejL.jpg,708102,width,30.0 centimetre
https://m.media-amazon.com/images/I/51mK2pD9UlL.jpg,521308,width,200.5 centimetre
https://m.media-amazon.com/images/I/616MCvb5NkL.jpg,347404,width,120.0 millimetre
https://m.media-amazon.com/images/I/51M8pVPJH+L.jpg,801829,width,53.0 centimetre
https://m.media-amazon.com/images/I/51M8pVPJH+L.jpg,801829,height,82.0 centimetre
https://m.media-amazon.com/images/I/41u9uOpXqIL.jpg,416664,width,8.5 inch
https://m.media-amazon.com/images/I/61DC7BmwweL.jpg,514726,width,20.0 inch
https://m.media-amazon.com/images/I/51ee9w6w1uL.jpg,518578,width,365.0 millimetre
https://m.media-amazon.com/images/I/51efwVmQuyL.jpg,866516,width,19.0 centimetre
https://m.media-amazon.com/images/I/51sbS7agLqL.jpg,752266,width,600.0 millimetre
https://m.media-amazon.com/images/I/51-BAYA2YBL.jpg,668889,width,7.5 centimetre
https://m.media-amazon.com/images/I/51NJPgJoHUL.jpg,943839,width,30.0 millimetre
https://m.media-amazon.com/images/I/51qZeTlkP4L.jpg,801829,width,33.5 inch
https://m.media-amazon.com/images/I/51aeM8w0k1S.jpg,801829,width,69.0 inch
https://m.media-amazon.com/images/I/6129xfQp4iL.jpg,141308,width,110.0 millimetre
https://m.media-amazon.com/images/I/51iHvZIp5QL.jpg,675317,width,165.0 millimetre
https://m.media-amazon.com/images/I/618tdi3rlPL.jpg,966823,width,3.0 inch
https://m.media-amazon.com/images/I/51aQZ3QIRUL.jpg,913156,width,10.0 centimetre
https://m.media-amazon.com/images/I/613ekqXYkhL.jpg,150535,width,33.0 centimetre
https://m.media-amazon.com/images/I/616kTiY793L.jpg,357074,width,7.8 centimetre
https://m.media-amazon.com/images/I/51nVzpLUldL.jpg,801829,width,24.0 inch
https://m.media-amazon.com/images/I/51X+nJFiBIL.jpg,550595,width,115.0 millimetre
https://m.media-amazon.com/images/I/51Fwx4MiCAL.jpg,348551,width,35.5 inch
https://m.media-amazon.com/images/I/61AzUZOcMnL.jpg,323811,width,1.0 inch
https://m.media-amazon.com/images/I/51d-ZL5dpCL.jpg,853009,width,9.25 inch
https://m.media-amazon.com/images/I/51F5sMWHjSL.jpg,844474,width,26.0 centimetre
https://m.media-amazon.com/images/I/615Bg8kbK7L.jpg,495437,width,59.5 centimetre
https://m.media-amazon.com/images/I/519CHC6CV1L.jpg,713791,width,15.5 centimetre
https://m.media-amazon.com/images/I/51Po+7Qg5XL.jpg,470067,width,9.3 centimetre
